timestamp,latitude,longitude,source,place
2026-09-21T11:02:59,11.491195970363252,79.76050352739469,SIMULATED,
2026-09-21T11:03:01,11.49068498155029,79.76002468166078,SIMULATED,
2026-09-21T11:03:02,11.490212332834249,79.7595496774459,SIMULATED,
2026-09-21T11:03:03,11.489770472853122,79.759009214445,SIMULATED,
2026-09-21T11:03:04,11.489261902915013,79.75852282063619,SIMULATED,
2026-09-21T11:03:05,11.48878555726479,79.75806194786223,SIMULATED,
2026-09-21T11:03:06,11.488330386371425,79.75751746217203,SIMULATED,
2026-09-21T11:03:07,11.487835992550075,79.7570440029974,SIMULATED,
2026-09-21T11:03:08,11.487390925195236,79.7565687514232,SIMULATED,
2026-09-21T11:03:09,11.486893064186834,79.75601816840388,SIMULATED,
2026-09-21T11:03:10,11.48642458750486,79.75554012281458,SIMULATED,
2026-09-21T11:03:11,11.48598657332589,79.75506870525062,SIMULATED,
2026-09-21T11:03:12,11.485462648489115,79.75454115159121,SIMULATED,
2026-09-21T11:03:13,11.485024970302947,79.75403900625211,SIMULATED,
2026-09-21T11:03:14,11.484531467477913,79.75354037758484,SIMULATED,
